﻿A tester,Assignation,Temps estimé,priorité,État
Landing non connecté,Dev_Frontend,1 jour,P1,A faire
Développement de l’API et du backend,Dev_backend,6 jours,P1,A faire
Page Login,Dev_backend,3 jours,P1,A faire
Catégorie de Plat,Moi en dev_Frontend,3 jours,P1,A faire
Création de plat,Moi en dev_Frontend,4 jours,P1,A faire
Style du menu,Dev_Frontend,2 jours,P1,A faire
Exportation PDF,Dev_Frontend,2 jours,P1,A faire
Commander l’impression d’un menu,Dev_backend,2 jours,P1,A faire
Menus précédents,Dev_Frontend,3 jours,P1,A faire
Informations légales,Dev_Frontend,3 jours,P2,A faire
Tarifs,Dev_Frontend,2 jours,P2,A faire
Exportation Deliveroo,Dev_backend,3 jours,P2,A faire
Partage sur Instagram,Dev_Frontend,2 jours,P2,A faire
Déconnexion,Dev_backend,3 jours,P2,A faire
Infos utilisateur,dev_backend,4 jours,P2,A faire
Dashboard,Moi en dev_Frontend,2 jours,P2,A faire
Branding restaurateur,Moi en dev_Frontend,3 jours,P3,A faire